{"cameraMode":{"drawMode":0,"name":"Shaded","section":"Shading Mode"},"sceneLighting":true,"audioPlay":false,"sceneViewState":{"showFog":true,"showMaterialUpdate":false,"showSkybox":true,"showFlares":true,"showImageEffects":true,"showParticleSystems":true},"in2DMode":false,"pivot":{"x":2.2939910888671877,"y":-0.1572103500366211,"z":-17.783370971679689},"rotation":{"x":-0.10052735358476639,"y":0.8914328813552856,"z":-0.24269446730613709,"w":-0.36924365162849429},"size":22.0,"orthographic":false}